{"Accels": [1.0115889332309629, 1.015727462970546, 1.0076822800143554], "AccelBias": [-0.09646807231761166, 0.22051677194109395, -9.807], "GyroBias": [0.01922565326946985, 0.028484274074472193, 0.004804415916071977], "Mags": [1.0, 1.0, 1.0], "MagBias": [3.373062074674765, -5.584388058446405, -7.0996137219435935], "Magtransform": [[0.9111689086705521, 0.025557787413298824, -0.007772044148953998], [0.025557787413298814, 0.8796975413358169, 0.009491667779366025], [-0.007772044148954, 0.009491667779366025, 1.248769118476379]]}