{
  "Accels": [1.0112252405276425, 1.0138057651182133, 1.0095935652217318],
  "AccelBias": [-0.11278557241505115, 0.21375500475228723, -9.807],
  "GyroBias": [0.017973948457632935, 0.031147475801784757, 0.00859947837749246],
  "Mags": [1.0, 1.0, 1.0],
  "MagBias": [3.1875987119446823, -5.743180318314194, -6.566017931411021],
  "Magtransform": [
    [1.25872, 0.00608, -0.01511],
    [0.00608, 1.0468, 0.02554],
    [-0.01511, 0.02554, 1.21148]
  ]
}
