{
  "Accels": [1.009957641419498, 1.0638418757771637, 0.9956691014866896],
  "AccelBias": [-0.06200478510486914, 0.15592573122388648, 9.807],
  "GyroBias": [
    0.017827472362630718, 0.025480182526063547, 0.016650337199158545
  ],
  "Mags": [0.8731010850942318, 1.0494003426613365, 1.077498572244432],
  "MagBias": [2.9731085170773883, -3.5734477368718616, 3.6691286232142266]
}
